{"cameraMode":{"drawMode":0,"name":"Shaded","section":"Shading Mode"},"sceneLighting":false,"audioPlay":false,"sceneViewState":{"showFog":false,"showMaterialUpdate":false,"showSkybox":false,"showFlares":false,"showImageEffects":false,"showParticleSystems":false},"in2DMode":false,"pivot":{"x":24.537456512451173,"y":19.553104400634767,"z":0.6250743865966797},"rotation":{"x":-0.10537643730640412,"y":0.888893187046051,"z":0.2572326958179474,"w":0.36413878202438357},"size":10.0,"orthographic":false}